3 MONTHS PROGRAM ADS UTM LINK,,,
Ad Sets,Ad No.,UTM Link,STATUS
HEALTH AND FITNESS,Ad-1,https://slowburnmethod.in/sbm-take-control/?utm_source=META&utm_medium=CPC&utm_campaign=SALES&utm_term=3-MONTHS&utm_content=HEALTH_AND_FITNESS_AD-1,ACTIVE
,Ad-2,https://slowburnmethod.in/sbm-take-control/?utm_source=META&utm_medium=CPC&utm_campaign=SALES&utm_term=3-MONTHS&utm_content=HEALTH_AND_FITNESS_AD-2,ACTIVE
,Ad-3,https://slowburnmethod.in/sbm-take-control/?utm_source=META&utm_medium=CPC&utm_campaign=SALES&utm_term=3-MONTHS&utm_content=HEALTH_AND_FITNESS_AD-3,ACTIVE
,Ad-4,https://slowburnmethod.in/sbm-take-control/?utm_source=META&utm_medium=CPC&utm_campaign=SALES&utm_term=3-MONTHS&utm_content=HEALTH_AND_FITNESS_AD-4,ACTIVE
FOOD CHOICES,Ad-1,https://slowburnmethod.in/sbm-take-control/?utm_source=META&utm_medium=CPC&utm_campaign=SALES&utm_term=3-MONTHS&utm_content=FOOD_CHOICES_AD-1,ACTIVE
,Ad-2,https://slowburnmethod.in/sbm-take-control/?utm_source=META&utm_medium=CPC&utm_campaign=SALES&utm_term=3-MONTHS&utm_content=FOOD_CHOICES_AD-2,ACTIVE
,Ad-3,https://slowburnmethod.in/sbm-take-control/?utm_source=META&utm_medium=CPC&utm_campaign=SALES&utm_term=3-MONTHS&utm_content=FOOD_CHOICES_AD-3,ACTIVE
,Ad-4,https://slowburnmethod.in/sbm-take-control/?utm_source=META&utm_medium=CPC&utm_campaign=SALES&utm_term=3-MONTHS&utm_content=FOOD_CHOICES_AD-4,ACTIVE
WOMAN,Ad-1,https://slowburnmethod.in/sbm-take-control/?utm_source=META&utm_medium=CPC&utm_campaign=SALES&utm_term=3-MONTHS&utm_content=WOMAN_AD-1,ACTIVE
,Ad-2,https://slowburnmethod.in/sbm-take-control/?utm_source=META&utm_medium=CPC&utm_campaign=SALES&utm_term=3-MONTHS&utm_content=WOMAN_AD-2,ACTIVE
,Ad-3,https://slowburnmethod.in/sbm-take-control/?utm_source=META&utm_medium=CPC&utm_campaign=SALES&utm_term=3-MONTHS&utm_content=WOMAN_AD-3,ACTIVE
,Ad-4,https://slowburnmethod.in/sbm-take-control/?utm_source=META&utm_medium=CPC&utm_campaign=SALES&utm_term=3-MONTHS&utm_content=WOMAN_AD-4,ACTIVE
RETRAGETING,Ad-1,https://slowburnmethod.in/sbm-take-control/?utm_source=META&utm_medium=CPC&utm_campaign=SALES&utm_term=3-MONTHS&utm_content=RTG_AD-1,ACTIVE
,Ad-2,https://slowburnmethod.in/sbm-take-control/?utm_source=META&utm_medium=CPC&utm_campaign=SALES&utm_term=3-MONTHS&utm_content=RTG_AD-2,ACTIVE
,Ad-3,https://slowburnmethod.in/sbm-take-control/?utm_source=META&utm_medium=CPC&utm_campaign=SALES&utm_term=3-MONTHS&utm_content=RTG_AD-3,ACTIVE
,Ad-4,https://slowburnmethod.in/sbm-take-control/?utm_source=META&utm_medium=CPC&utm_campaign=SALES&utm_term=3-MONTHS&utm_content=RTG_AD-4,ACTIVE
,,,
,,,
,,,
3&1 MONTHS PROGRAM ADS UTM LINK,,,
Ad Sets,Ad No.,UTM Link,STATUS
HEALTH AND FITNESS,Ad-1,https://slowburnmethod.in/take-control/?utm_source=META&utm_medium=CPC&utm_campaign=SALES&utm_term=1_AND_3-MONTH&utm_content=HEALTH_AND_FITNESS_AD-1,PAUSED
,Ad-2,https://slowburnmethod.in/take-control/?utm_source=META&utm_medium=CPC&utm_campaign=SALES&utm_term=1_AND_3-MONTH&utm_content=HEALTH_AND_FITNESS_AD-2,PAUSED
,Ad-3,https://slowburnmethod.in/take-control/?utm_source=META&utm_medium=CPC&utm_campaign=SALES&utm_term=1_AND_3-MONTH&utm_content=HEALTH_AND_FITNESS_AD-3,PAUSED
,Ad-4,https://slowburnmethod.in/take-control/?utm_source=META&utm_medium=CPC&utm_campaign=SALES&utm_term=1_AND_3-MONTH&utm_content=HEALTH_AND_FITNESS_AD-4,PAUSED
FOOD CHOICES,Ad-1,https://slowburnmethod.in/take-control/?utm_source=META&utm_medium=CPC&utm_campaign=SALES&utm_term=1_AND_3-MONTH&utm_content=FOOD_CHOICES_AD-1,PAUSED
,Ad-2,https://slowburnmethod.in/take-control/?utm_source=META&utm_medium=CPC&utm_campaign=SALES&utm_term=1_AND_3-MONTH&utm_content=FOOD_CHOICES_AD-2,PAUSED
,Ad-3,https://slowburnmethod.in/take-control/?utm_source=META&utm_medium=CPC&utm_campaign=SALES&utm_term=1_AND_3-MONTH&utm_content=FOOD_CHOICES_AD-3,PAUSED
,Ad-4,https://slowburnmethod.in/take-control/?utm_source=META&utm_medium=CPC&utm_campaign=SALES&utm_term=1_AND_3-MONTH&utm_content=FOOD_CHOICES_AD-4,PAUSED
WOMAN,Ad-1,https://slowburnmethod.in/take-control/?utm_source=META&utm_medium=CPC&utm_campaign=SALES&utm_term=1_AND_3-MONTH&utm_content=WOMAN_AD-1,PAUSED
,Ad-2,https://slowburnmethod.in/take-control/?utm_source=META&utm_medium=CPC&utm_campaign=SALES&utm_term=1_AND_3-MONTH&utm_content=WOMAN_AD-2,PAUSED
,Ad-3,https://slowburnmethod.in/take-control/?utm_source=META&utm_medium=CPC&utm_campaign=SALES&utm_term=1_AND_3-MONTH&utm_content=WOMAN_AD-3,PAUSED
,Ad-4,https://slowburnmethod.in/take-control/?utm_source=META&utm_medium=CPC&utm_campaign=SALES&utm_term=1_AND_3-MONTH&utm_content=WOMAN_AD-4,PAUSED
RETRAGETING,Ad-1,https://slowburnmethod.in/take-control/?utm_source=META&utm_medium=CPC&utm_campaign=SALES&utm_term=1_AND_3-MONTH&utm_content=RTG_AD-1,ACTIVE
,Ad-2,https://slowburnmethod.in/take-control/?utm_source=META&utm_medium=CPC&utm_campaign=SALES&utm_term=1_AND_3-MONTH&utm_content=RTG_AD-2,ACTIVE
,Ad-3,https://slowburnmethod.in/take-control/?utm_source=META&utm_medium=CPC&utm_campaign=SALES&utm_term=1_AND_3-MONTH&utm_content=RTG_AD-3,ACTIVE
,Ad-4,https://slowburnmethod.in/take-control/?utm_source=META&utm_medium=CPC&utm_campaign=SALES&utm_term=1_AND_3-MONTH&utm_content=RTG_AD-4,ACTIVE